"average salary for dental hygienist in nebraska","How much does a Dental Hygienist make in Nebraska? Table of Contents How much do Dental Hygienists make in Nebraska? Dental Hygienist earnings by seniority Dental Hygienist Salary Dental Hygienist salary comparison Historical salary for Dental Hygienists in Nebraska Average Dental Hygienist Hourly Wage in Nebraska Dental Hygienists earn a median hourly wage of $31.91 . Hourly wages typically start from $24.06 and go up to $38.71 ."
"average salary for dental hygienist in nebraska","Nebraska Dental Assisting and Hygiene Training Options Around 2,180 people are employed as dental assistants in the state of Nebraska, and about 1,240 as dental hygienists. [ Seguir leyendo en español]As with the health care area in general across the US, strong growth is expected in Nebraska in these two professions in the ten years to 2024. There are expected to around 70 job openings in each role every year, with total employment in dental assistants growing by 11.1% and in dental hygiene by 10.7%. See popular schools in Nebraska Requirements Nebraska’s dental practice act defines the duties that a dental assistant may or may not perform."
"average salary for dental hygienist in nebraska","How much does a Dentist make in Nebraska? Table of Contents How much do Dentists make in Nebraska? Dentist earnings by seniority Dentist Salary Dentist salary comparison Historical salary for Dentists in Nebraska Average Dentist Hourly Wage in Nebraska Dentists earn a median hourly wage of $67.21 . Source: U."
"average wedding dress alteration cost","Common Wedding Alterations Questions…. How much will it cost? This is one of those “million dollar” questions that every bride asks when looking for a wedding gown to purchase; the cost of alterations remains fairly constant. The down side is that with so many different wedding dress styles and fabrics, it is nearly impossible to get a quote on the cost of alterations until I see the dress to determine how much work will be involved."
"average wedding dress alteration cost","Family & Relationships Weddings What is average cost for wedding tuxedo rental? My fiance and I picked out the tuxedos for our wedding today. We called about 100 places in the area and found the best pricing available. They are $116.99 each and $89.99 for the 2 ring bearers."
"average wedding dress alteration cost","VIPOctober 2014Average cost of alterations? Sammy , on Nov 7, 2013 at 4:20 PM Posted in Planning29 Reply Flag I'm trying to get VERY detailed with my budget, so I might be asking a ton of ""average cost"" questions- bear with me What did your alterations cost you? Did you have a lot to do on your dress? Might be helpful if some shorter brides chime in Flag Share:29 Comments1 2 Next VIPSeptember 2014Lisa · on Nov 7, 2013 at 4:22 PMFlag Stalking this! But I do know it's different for all and depends on what you need done and the material, setup of your dress."
"can fever cause miscarriage early pregnancy","Pregnancy Fever- High Body Temperature when Pregnant Posted by Dr. Alison Tweet The main concern regarding fever in pregnancy is if and how it can harm the baby. Although a high body temperature for a prolonged period of time in a pregnant woman could potentially affect the baby, there are a lot of other considerations which have to be taken into account. Does a Fever in Pregnancy Harm the Baby? The likelihood and extent of complications in pregnancy due to a fever will depend upon the : Degree of temperature rise."
"can fever cause miscarriage early pregnancy","Pregnancy Loss Symptoms and Diagnosis Your Complete Guide to Miscarriage in the First Trimester Answers to FAQs about Symptoms, Diagnosis, Causes, Treatment, and Prevention By Krissi Danielsson Updated February 01, 2017Share Pin Email Print Getty Images/Cultura RM/Leon Harris About 80 percent of miscarriages occur within the first trimester (the first 12 weeks of pregnancy). Many women have questions about what causes a first-trimester miscarriage and whether it can be prevented, not to mention concerns about the miscarriage symptoms they experience. Types of First Trimester Pregnancy Loss The term miscarriage is fairly general for the spontaneous loss of a pregnancy in the first trimester, but some subtypes exist (note that some of these can also be diagnosed in the second trimester). Some miscarriages, however, will not fall into any of these categories, but here they are: Chemical Pregnancy Missed Miscarriage Blighted Ovum Signs of Early Miscarriage Most miscarriage symptoms are not definitive indicators of pregnancy loss, but possible signs include vaginal bleeding, cramping in your lower back or midsection, the passing of tissue through your vagina, and loss of pregnancy symptoms."
"can fever cause miscarriage early pregnancy","Top 30 Doctor insights on: Low Grade Fever During Early Pregnancy Share Follow @Health Tap </> Embed Dr. Karen Butler1 What medications are okay to take for cold symptoms and a low grade fever during the first trimester of pregnancy? Be careful: Rest hydrate and you may take Tylenol ( acetaminophen) Es 2 tablets twice a day for 3 days ... Read more Dr. Chevies Newman1,113 Doctors shared insights Premature (Definition)Very premature is a condition in which a baby is delivered between 28 and 31 weeks' gestation. Depending on how premature, how sick, and how lucky or unlucky a baby is, he can get brain problems, cerebral palsy, blindness, deafness, developmental problems, learning disabilities, severe lung diseases, infection and loss of some intestines, etc..."
"definition of laudable","Definition of 'laudable'Learner: laudable English: laudable American: laudable Example sentences Trendslaudable ( l ɔː dəb əl)adjective Something that is laudable deserves to be praised or admired . [ formal]One of Emma's less laudable characteristics was her jealousy. These may be laudable aims, but by enforcing them at gunpoint another vitally important principle is lost. Synonyms: praiseworthy, excellent, worthy, admirable More Synonyms of laudable COBUILD Advanced English Dictionary."
"definition of laudable","Use the adjective worthy to describe the good causes to which you donate a little money each year. Their admirable qualities are what make them worthy. Something that deserves respect is worthy, whether it's a charity, a hard working tennis opponent, or a struggle to overcome a disability. If it's worth your admiration or has some inherent value, it's worthy."
"definition of laudable","Definition of “laud” - English Dictionary American American English Examples Contents Contentsverb (1)laud (1)more… (1)laudable American English Examples“laud” in American English See all translationslaud verb [ T]us / lɔd / fml› to praise someone or something: The president lauded the rise of market economies around the world.laudableadjective us / ˈlɔ·də·bəl /› fml Recycling is a laudable activity. (Definition of “laud” from the Cambridge Academic Content Dictionary © Cambridge University Press)English American English Examples Contents American English Examples“laud” in English See all translationslaud verb [ T]uk / lɔːd / us / lɑːd / formal› to praise: The German leadership lauded the Russian initiative. Thesaurus: synonyms and related words Praising and applaudinga pat on the back idiomacclaimacclamationaccoladeadulatecheerexaltextolfelicitationsfetefull marks to sb idiomlaypatpraiserecognizerhapsodyround of applause idiomshout-outsingsing the praises of sb/sth idiom See more results » (Definition of “laud” from the Cambridge Advanced Learner's Dictionary & Thesaurus © Cambridge University Press)Examples American English Examples American English Examples Help us add to the Cambridge Dictionary!BETAThese examples are from external sources. Click on the icon to tell us what you think.laud There is at present no future defence requirement for this laud but as our requirements change continually a new defence need may arise by the rime the site is available."
"do google docs auto save","1 Allow Google Docs to automatically save your document. As you add new content to your Google Doc, the changes you make to the document are automatically saved to your drive. Next to the “Help” tab at the top of your screen, you will see light gray text. While you type, this text will say “Saving…”; a moment after you’ve stopped typing, the text will report that “All changes saved to Drive.”You do not need to click a save button or use a keyboard shortcut."
"do google docs auto save","How can I turn off auto save? Dave J40062/16/11 9:30 PMAuto save can be irritating in some situations, and I would like to be able to turn it off and manually save when I'm ready to do so. How can I do this? Re: How can I turn off auto save?"
"do google docs auto save","Related Articles1How to Put Something on Google Docs on a Jump Drive2How to Open Office Files in Chrome With Google Docs3How to Copy Multiple Folders in Google Docs4How to Move a File From Google Docs to Microsoft Office Google Docs allows you to keep your documents – including simple word-processing documents, spreadsheets and tables – online, easily accessible from any device connected to the Web. Updating the files in your Google Docs can be confusing at first, as there is no ""Save"" button such as you would normally click to save your updates when working on a local file. Google Docs will automatically save your updates to a file as you are working on it.1. Log into your Google Docs account.2. Scroll through the list of your document files to locate ones that need to be updated. Refer to the Last Modified column on the right to see the last time a document was updated."
"does mississippi have an income tax","Mississippi Taxes: Income Tax | Sales Tax | Property Tax | Corporate Tax | Excise Taxes Mississippi State Income Tax Tax Year 20171.1 - Contents Contents Mississippi Tax Rates Mississippi Tax Calculator About Tax Deductions Filing My Tax Return Mississippi Tax Forms Mailing Addressese Filing Information Income Tax Refunds Quick Fact: The average family pays $1,360.00 in Mississippi income taxes. [1]Rank: 28th out of 51Download Mississippi Tax Information Sheet Launch Mississippi Income Tax Calculator1. Mississippi Income Tax Table Tax Bracket (Single) [2] Tax Bracket (Couple) [3] Marginal Tax Rate$0+ $0+ 3.00%$5,000+ $5,000+ 4.00%$10,000+ $10,000+ 5.00%Note: We don't currently have Mississippi's income tax brackets for tax year 2018. Until updated 2018 tax rates become available for Mississippi, the tax brackets shown above and used in the income tax calculator will be from tax year 2016."
"does mississippi have an income tax","Slideshow 1 of 12 (i Stockphoto)Low-tax locales Taxes will likely be a big part of your retirement budget, unless you live in a state that offers tax breaks to retirees. These states don’t tax Social Security or many other types of retirement income, according to an analysis of state taxation of retirement benefits by Wolters Kluwer. Alaska (i Stock Photo)Alaska If you can get past the cold weather, Alaska is a tax haven for retirees. Alaska has no income tax or sales tax, and the state doesn’t tax pension or Social Security income."
"does mississippi have an income tax","Direct Seized Q How long does it take to get ms state tax refund through direct deposit? How long does it take to receive state tax refund direct deposit mississippi Asked by: Maurine Ads by Google This site is best viewed while logged in. Continue with Google Continue with Facebook Sign Up with Email A Top Solutions It could take up to four weeks to get you Mississippi state tax refund by direct deposit. You can check the status of your Mississippi Depar ..."
"dog day afternoon meaning","From Wikipedia, the free encyclopedianavigation search Dog Day Afternoon Theatrical release poster Directed by Sidney Lumet Produced by Martin Bregman Martin Elfand Screenplay by Frank Pierson Based on ""The Boys in the Bank"" by P. F. Kluge Thomas Moore Starring Al Pacino John Cazale James Broderick Charles Durning Cinematography Victor J. Kemper Edited by Dede Allen Production company Artists Entertainment Complex Distributed by Warner Bros."
"dog day afternoon meaning","Arts & Humanities Other - Arts & Humanities What does the phrase a ""Dog Day Afternoon"" mean? I am NOT referring to the movie by the same name made in 1975 with Al Pacino. I am referring to the term or phrase itself. What does it mean..and where does it originate from?31 following 9 answers Answers Relevance Rating Newest Oldest Best Answer: Good question."
"dog day afternoon meaning","From Wikipedia, the free encyclopedianavigation search This article is about the weather-related phrase. For the Diary of a Wimpy Kid book, see Diary of a Wimpy Kid: Dog Days. For other uses, see Dog Days (disambiguation). This article's use of external links may not follow Wikipedia's policies or guidelines."
"how long does it take to remove wisdom tooth","Wisdom Teeth Removal Guide: Treatment - Costs - Recovery & More What are Wisdom Teeth? Wisdom Teeth Removal Procedure How Long Does It Take To Remove Wisdom Teeth? Do I Need to Get My Wisdom Teeth Out? Why Have a Wisdom Tooth Removed?"
"how long does it take to remove wisdom tooth","27th March 2012 16:11 #1Patti Senior Member Join Date Jul 2006Location Michigan, USAGender Posts 749Getting tooth pulled and am very scared! Help!Hello, I have to get a back tooth (not a wisdom tooth, a bottom molar in the back) pulled and I am very scared! I'm almost 49 and so far have only had 2 fillings done (which I thought were nothing) but now I need a tooth pulled and my anxiety is RAGING. I believe the fact that it won't hurt, and I'm not afraid of the needles. That doesn't really hurt in my opinion. I'm really not sure what I'm afraid of except for maybe the unknown?"
"how long does it take to remove wisdom tooth","Wisdom Teeth Extractions What are Wisdom Teeth? Wisdom teeth, officially referred to as third molars, are usually the last teeth to develop. They are upper and lower teeth whose function is to grind food as part of the digestive process. They are located in the very back of your mouth, next to your second (or twelve year) molars and near the entrance to your throat."
"how much money do motivational speakers make","Business & Finance Careers Salaries Q: How much do motivational speakers earn? A: Quick Answer According to the job website Indeed, the average motivational speaker makes around $88,000 per year as of 2013. Motivational speakers' salaries can vary greatly depending on location, level of fame, number of speeches given annually, merchandising and other factors. Continue Reading Keep Learning What is a subwoofer?"
"how much money do motivational speakers make","Career Change Explore Careers June 6, 2014 Christopher Austin 0How To Become A Motivational Speakermorenow viewing How To Become A Motivational Speaker June 6, 2014Christopher Austin Dallas & Fort Worth Tech Sales | ASI (A Xerox Company)June 6, 2014Christopher Austin Tulsa & Oklahoma City Tech Sales | One Source (A Xerox Company)June 6, 2014Christopher Austin How To Become Tech Savvy In Your Career June 6, 2014Christopher Austin6 Types Of Illegal Interview Questions To Watch Out For June 6, 2014Christopher Austin What To Do When You're Not The ‘Ideal Candidate'June 6, 2014Christopher Austin5 Tips For Staying Motivated During A FRUSTRATING Job Search June 6, 2014Christopher Austin3 Signs A Company Cares About Its Employees June 6, 2014Christopher Austin How To Keep Your Momentum In Your Career June 6, 2014Christopher Austin Workplace Drama: How To Handle A Difficult Co-Worker June 6, 2014Christopher Austin4 Ways To Hack A Job Search When You're Demotivated June 6, 2014Christopher Austin Throughout history, famous public speakers have managed to change and influence the lives of millions. Nowadays, motivational speakers are hired by universities and schools to inspire and motivate students to become good leaders, study hard, stay away from drugs, and make smart plans for their academic future. Related: How To Find Your Passion (Even If You Don’t Know Where To Start! )Many students are fascinated by public speakers, and believe it or not, public speaking can be an excellent career option after graduation. As a professional motivational speaker, you get to have financial prosperity, freedom, and fun while doing some good and helping others."
"how much money do motivational speakers make","Non-Celebrities: $1,500-$30,000 Celebrities or Accomplished Authors: $50,000+E-mail Post Tweet Comments (2)Motivational or keynote speakers may be hired to emcee an event such as a conference, corporate gathering, debate, panel discussion, seminar, commencement ceremony or a grand opening. Speakers bureaus are agencies which refer qualified public speakers for these events. Typical costs: Motivational or keynote speakers vary in price range based on their experience and the length of the conference or event. In general, professional speakers (non-celebrities) range from $1,500 to $30,000 for an event."
"how much would it cost to install my own wind turbine","Answers.com ® Wiki Answers ® Categories Technology Engineering Architecture Interior Design How much does it cost to build a wind farm? Flag How much does it cost to build a wind farm? Answer by Thornbloom Confidence votes 110What does it cost to build a wind turbine? Capital costs for wind projects are $1,500 - $2,000 per kilowatt of nameplate capacity."
"how much would it cost to install my own wind turbine","Environment Green Living How much, an average if possible, does it cost to install a windmill? We would like to harvest wind. Last i checked, there is no wind map of Louisiana, how do i find out if i can have a wind mill? How much power do they produce?"
"how much would it cost to install my own wind turbine","Home or Farm Scale Wind Turbines Wind turbines under 100 kilowatts cost roughly $3,000 to $8,000 per kilowatt of capacity. A 10 kilowatt machine (the size needed to power a large home) might have an installed cost of $50,000-$80,000 (or more). Wind turbines have significant economies of scale. Smaller farm or residential scale turbines cost less overall, but are more expensive per kilowatt of energy producing capacity."
"how often to button quail lay eggs","Quail Farming Before discussing more about commercial quail farming business, let me first explain ‘what is quail farming?’ Actually the term ‘quail farming’ means, raising quails commercially (like other poultry birds) for the purpose of profitable eggs and meat production. As far as we have experienced, quail farming business is very easy, lucrative and entertaining. It’s very easy to maintain a quail farm, because quails are among the smallest species of poultry birds. The Japanese scientists first tamed the wild quails and revealed the ways to raise them as domestic birds."
"how often to button quail lay eggs","Home Forums > Other Back Yard Poultry > Quail >How many eggs do button quail lay!?!?!? Discussion in ' Quail ' started by jfulcher, Jun 11, 2011 . Most Liked Posts Jun 11, 2011 #1jfulcher Chillin' With My Peeps1,1870139May 24, 2011Tucson, AZ 85712Okay so about 4 days ago my Button started laying eggs. I have a total of 6."
"how often to button quail lay eggs",". Quail Give us a try and list your birds for sale on the ""Birds for Sale"" web pages To place an advertisement, click on ""Birds for sale"" web page in top navigation bar then click on ""Place a for sale Advert"" web page. 4 lines for 2 months is only $25Topics on this page: Breeding Feeding / Diet Housing Quail Transporting Quail General References Specific References Australia has 10 native species of Quail. The King Quail, Brown Quail and the Stubble Quail are true quail, comprise 3 species and belong to the genus Coturnix."
"how old is vanessa redgrave","Top 5000Vanessa Redgrave Actress | Soundtrack | Producer On January 30, 1937, renowned theatre actor Michael Redgrave was performing in a production of Hamlet in London. During the curtain call, the show's lead, Laurence Olivier, announced to the audience: ""tonight a great actress was born"". This was in reference to his co-star's newborn daughter, Vanessa Redgrave. Vanessa was born in Greenwich, London, ..."
"how old is vanessa redgrave","Vanessa Redgrave Filmography Overview Biography Filmography Photos Awards Date of Birth: Jan 30, 1937Birth Place: London, England, UKFilmography Year Title Role2017 Film Stars Don't Die in Liverpool Jeanne Mc Dougall2016 The Secret Scripture Rose Mc Nulty (older)2014 Foxcatcher Jean du Pont2013 Lee Daniels' The Butler Annabeth Westfall2012 Unfinished Song (Song for Marion) Marion2011 Coriolanus Volumnia2011 Anonymous (2011) Queen Elizabeth I2011 Cars 2 The Queen2011 Cars 2 Mama Topolino2011 Miral Bertha Spofford2010 The Whistleblower Madeleine Rees2010 Letters to Juliet Claire2007 How About You Georgia2007 Atonement Older Briony2007 Evening Ann Lord2006 Venus Valerie2005 The Keeper: The Legend of Omar Khayyam The Countess2005 The White Countess Aunt Sara2005 Thief Lord2004 Fever Woman2003 Good Boy! The Greater Dane2002 The Gathering Storm2001 The Pledge Annalise Hansen2000 If These Walls Could Talk 2 Edith1999 Girl, Interrupted Dr. Wick1999 Cradle Will Rock Countess La Grange1998 Deep Impact Robin Lerner1997 Mrs. Dalloway Clarissa Dalloway1997 Wilde Wilde's Mother1996 Mission: Impossible Max1994 Little Odessa Irina Shapira1992 Howards End Ruth Wilcox1991 What Ever Happened to Baby Jane? (1991) Blanche Hudson1991 The Ballad of the Sad Cafe Miss Amelia1991 Orpheus Descending Lady Torrance1987 Prick Up Your Ears Peggy Ramsay1986 The Second Serve Richard/Renee1985 Wetherby Jean Travers1980 Playing for Time Fania Fenelon1979 Agatha Agatha Christie1977 Julia (1977) Julia1976 The Seven-Per-Cent Solution Lola Deveraux1974 Murder on the Orient Express (1974) Mary Debenham1971 The Devils Sister Jeanne1971 Mary, Queen of Scots Mary, Queen of Scots1969 Oh! What a Lovely War Sylvia Pankhurst1968 The Sea Gull Nina1967 Smashing Time1967 Camelot Guenevere1967 The Sailor From Gibraltar Sheila1966 Blow-Up Jane1966 A Man for All Seasons Anne Boleyn1966 Morgan! Leonie Delt Provided by Rovi Erik Davis May 14th 2010, 3:03 pm Box Office: 'Iron Man 2' vs 'Robin Hood' -- Who Will Win?cwalton February 22nd 2008, 7:40 pm Movie Scoop and More from Wonder Con "
"how old is vanessa redgrave","“Vanessa Redgrave dead 2018” : Actress killed by internet death hoax By Jessica Simpson London Last updated on April 12, 2018Translations Français Español Deutsch Italiano Português 中文Tweeter Vanessa Redgrave is the latest celeb to fall victim to a death hoax Vanessa Redgrave »See more news, pictures and video. Hot news Love April 12, 2018Vanessa Redgrave: Secretly Married? Breaking news April 11, 2018Vanessa Redgrave to announce retirement at age 81Rumor Central April 2018Is Vanessa Redgrave secretly gay and hiding in the closet? News of actress Vanessa Redgrave ’s death spread quickly earlier this week causing concern among fans across the world."
"what is a alm,"Do you wish your prayer to fly toward God? Give it two wings: fasting and almsgiving."
"what is a alm,"BibleGateway Resources » All the Women of the Bible » Chapter 2. Alphabetical Exposition of Named Bible Women » D » Dorcas Dorcas Dorcas The Woman Whose Dressmaking Made Her Famous Scripture Reference — Acts 9:36-43Name Meaning —Dorcas implies “the female of a roebuck,” “a gazelle”—an emblem of beauty. Dorcas is the first Greek name of a female in the New Testament, its Hebrew equivalent being Tabitha which is the Syro-Chaldaic form of the Hebrew Zibiah, or Tsibiah, the name of a princess of Judah, the mother of King Joash."
"what is a alm,"Monk From Wikipedia, the free encyclopedianavigation search For other uses, see Monk (disambiguation). Monks redirects here. For other uses, see Monks (disambiguation)."
"what is a statutory deed","A statutory warranty deed, or special warranty deed, is a document that transfers ownership of land. This type of deed contains specific promises from the person transferring the land, the grantor, to the person receiving the land, the grantee. The law refers to these promises as warranties or covenants. Legislative bodies have created a specific form that is used to serve as a statutory warranty deed."
"what is a statutory deed","rees unit 4aub627@gmail.com Front Back Legal Title Owning title to real property commonly connotes owning the complete bundle of rights that attach to the property, including the right to possession. Someone who possesses all ownership interests owns legal title to the property. In practice, the terms “title” and “legal title” are often used interchangeably. Equitable Title A person who possesses the interest or right to obtain legal title to a property in accordance with a sale or mortgage contract between the legal owner and a buyer or creditor owns equitable title to the property."
"what is a statutory deed","This answer was rated: ★ ★ ★ ★ ★What are the differences between statutory warranty deeds, special deeds, general deeds? What is the difference between a ""statutory"" warranty deed, a ""special"" deed and ""general"" warranty deed? Which one is recommended for transfering a property that a homeowner owns into a Revocable Living Trust? Is it legal for the homeowner to prepare the deed himself?"
"what is chronometer who invented it","From Wikipedia, the free encyclopedianavigation search For other uses, see Chronometer (disambiguation). This article needs additional citations for verification. Please help improve this article by adding citations to reliable sources. Unsourced material may be challenged and removed."
"what is chronometer who invented it","Humanities ›History & Culture18th Century Timeline 1700 - 179918th Century: technology, science, and inventions Share Flipboard Email Print Close-up of a piano designed by Bartolomeo Cristofori di Francesco. Getty Imagesby Mary Bellis Updated March 31, 2017Timeline < 1000 - 1300 < 1400 < 1500 < 1600 <1700 < 1800 < 1900 < 2000The 18th century, also referred to as the 1700s, marked the beginning of the first Industrial Revolution. Modern manufacturing began with steam engines replacing animal labor. The 18th century also saw the widespread replacement of manual labor by new inventions and machinery."
"what is chronometer who invented it","8 Things About Watches | Style School sharei Error 4: Media source is incompatible with player or browser.1:55Things You Need To Know About Watches James Fiori Share Tweet 0Shares1 2 3Page 1 of 3 Few things say more about a man than his watch. Its character, look and style can give others a peek into a man's background (and priorities) without having to ask a single question. That is why purchasing a watch is such a personal — and important — decision. Of course, there are men out there who only need a watch to tell time, and for those guys a watch whose price ends with .99 would suffice."
"what is mamey","Mamey sapote Mamey sapote growing tree of the genus Pouteria and also known as Pouteria sapota, Mamey sapote perennial evergreen to semi-deciduous plant also used as ornamental plant, grow in tropic mediterranean or subtropical climate. Leaves obovate green shiny, small white flowers growing next to the branches. Fruit shape elliptic the peel is brown and hairy, the color of the fruit is red-pink. Mamey sapote for sale - Seeds or Plants to Buy Click here Buy plants or seeds for sale: How to grow: Requirements for growing Mamey sapote: Frost free, well-drained soil What is the best way to start growing Mamey sapote: Plant / Vegetative Reproduction Is it necessary to graft or use vegetative reproduction in Mamey sapote?"
"what is mamey","Cuba Guide > About Cuba > Food in Cuba > Cuban Desserts Food Desserts Moros y Cristianos Mojo Sauce Dulce de Leche Boniatillo Cubans have a natural sweet tooth. Their rum is made from sugar and they have an abundance of tropical fruits available so it is no surprise that Cuban desserts and drinks are a delight for those of us who have a sweet tooth. Starting with the healthy and natural options, most of Cuba's tropical fruit stays in Cuba and is eaten fresh. Fruit is and has been an integral part of the Cuban diet for many generations, to the point that plantains and bananas are such a staple that the Cubans do not consider them as fruit at all."
"what is mamey","Related Articles How to Grow a Mamey How to Grow Sapodilla How to Germinate the Black Sapote Tree How to Graft the Mamey Sapote Sapote, a word derived from the Aztec term for sweet fruit, ""tzapotl,"" has influenced the nomenclature of a few different types of fruit trees. The common name refers to Pouteria sapota, also known as the mamey sapote, mamey colorado or Calocarpum sapota, and not the similar-sounding, but unrelated, black and white sapotes. This South and Central American native species, hardy in U. S."
"what metal are hip replacements made of","Text Size: Aa Aa Aa Parts & Materials How do the implants work in a hip replacement? You have a natural socket (called the acetabulum) in the pelvis. The hip ball normally sits in this socket. By reaming away the damaged bone and cartilage, fresh bone is exposed, and a slightly oversized hemispherical socket made of a sturdy, inert titanium alloy is impacted into your bony socket."
"what metal are hip replacements made of","You are here: Home › Our Blog › Health News › Nutrition Supplements › Are Heavy Metals Hurting Your Body? Are Heavy Metals Hurting Your Body? By Guest Post on June 11, 2013 in Health News, Nutrition Supplements Send to Kindle My dad is currently recovering from his second hip replacement surgery in the last two years. He was in a motorcycle accident when he was younger and the combination of the accident and natural aging meant it was time for a new hip."
"what metal are hip replacements made of","Online Submissions: http://www.wjgnet.com/esps/ World J Orthop 2013 October 18; 4 (4): 161-166 wjo@wjgnet.com ISSN 2218-5836 (online) doi:10.5312/wjo.v4.i4.161 © 2013 Baishideng. All rights reserved. EDITORIAL Trunnionosis: A pain in the neck Philip S Pastides, Matthew Dodd, Khaled M Sarraf, Charles A Willis-Owen Philip S Pastides, Department of Trauma and Orthopedics, may also lead to the release of metal ions in non Mo M Charing Cross Hospital, Imperial NHS Trust, London W6 8RF, hip designs. The aim of this paper is to introduce, ex- United Kingdom plain and summarise the evidence so far in the field of Matthew Dodd, Department of Trauma and Orthopedics, Mor- trunnionosis."
"what type of conflict does della face in o, henry the gift of the magi","Information about Project Gutenberg THE GIFT OF THE MAGIby O. Henry One dollar and eighty-seven cents. That was all. And sixty cents of it was in pennies."
"what type of conflict does della face in o, henry the gift of the magi","Written by Van Thompson Related Articles1What Is Irony Used for in Writing?2How to Set a Scary Mood in a Novel3""What Is the Point of View in """"The Fox & the Grapes""""? ""4Examples of Naturalism in Poetry Irony remains one of the most abused terms, with some people using it to refer to any humor or sarcasm. Real irony -- which can come in many forms -- involves an incongruity between what appears to be or should be and what actually is. The effect this has on the reader varies depending on the story and the writer's intent, but irony can play a key role in moving a story forward and deepening its meaning."
"what type of conflict does della face in o, henry the gift of the magi","37 terms mcounts The Gift of the Magi Review Learn Flashcards Write Spell Test Match Gravity Advertisement Upgrade to remove ads Like this study set? Create a free account to save it. Create a free account Maybe later Sort Della's conflict she only had $1.87 to buy her husband a Christmas gift What is O. Henry's tone or attitude toward his subject matter Jim and Della?"
"when did family feud come out?","Watch Edit Page Add Review Related Discussion History More Share Series / Family Feud Main Awesome Drinking Game Funny Heartwarming Series Tear Jerker Trivia YMMV What An Idiot Create New A generic, digitally-drawn representation of the original Family Feud logo, seen in various color schemes from 1976-95. ""When watching Family Feud, it’s a safe bet that you can guess the number one answer with 33% accuracy before you even hear the question. If it’s not breasts, it’s penis or testicles. Of course, you’re not supposed to think of those naughty answers, wink wink, given innocuous questions like, 'Name a reason a man may have trouble paying attention when talking to a woman' or 'Name a famous one-eyed monster."
"when did family feud come out?","Azpandaman 25 Contributions Who is the host of Family Feud? Steve Harvey currently hosts Family Feud Who has hosted family feud? Richard Dawson was the first host from 1976 to 1985. The show was cancelled until 1988 which then was hosted by Ray Combs until 1994 when Dawson was brought back to try and he …Hfutu 3,211 Contributions Name a host of Family Feud?"
"when did family feud come out?","FULL CAST AND CREW | TRIVIA | USER REVIEWS | IMDb Pro | MORESHARE6.7/ 10793Rate This Family Feud TV-PG | 1h | Game-Show | TV Series (1988–1995)Episode Guide17 episodes""Family Feud"" was one of the most popular game shows on TV, but after nine years with Richard Dawson as host, ratings were starting to slip. In 1986, producers decided that the ""Family Feud... See full summary »Stars: Ray Combs, Gene Wood, Jackie Stallone | See full cast & crew »Reviews10 user Watchlist: Patton Oswalt Loves ""Ash vs Evil Dead""Patton Oswalt chats with Tim and Kerri from "" The IMDb Show "" about their latest movie and TV obsessions. Get their Watchlist recommendations Related News2018 Renewal Scorecard: What's Coming Back?"
"when did rock n roll begin?","The History of : Blues | Country | Folk Music | Heavy Metal | Hip Hop | Jazz | Punk | Reggae | Rock n' Roll | Rockabilly Piano | Guitar | Microphone | Drum The History of Rockabilly Rockabilly is one of the earliest styles of rock and roll music, and emerged in the early 1950s. The term rockabilly is a marriage of rock (from rock 'n' roll) and hillbilly, the latter a reference to the country music (often called hillbilly music in the 1940s and 1950s) that contributed strongly to the style's development. Other important influences on rockabilly include western swing, boogie woogie, and rhythm and blues. Although there are notable exceptions, its origins lie primarily in the southern United States."
"when did rock n roll begin?","rock-and-roll [ rok - uh n- rohl]Spell Syllables Word Origin See more synonyms on Thesaurus.comnoun1. rock-'n'-roll.rock-'n'-rollor rock-and-roll, rock 'n' roll [ rok - uh n- rohl]Spell Syllablesnoun1. a style of popular music that derives in part from blues and folk music and is marked by a heavily accented beat and a simple, repetitive phrase structure.adjective2. of or relating to this music.verb (used without object)3."
"when did rock n roll begin?","Images source: Creative Commons When Did Rock and Roll Music Start? I Bet You Didn’t Know When did Rock and Roll music start, I hear you ask? According to the Encyclopaedia Britannica, 1948 seems to be a good starting point. Earlier signs of what we now call Rock ‘n’ Roll can be traced back to the 1930s however it is only after the Second World War that this type of music took off and people started enjoying their leisure time."
"where is the show shameless filmed","Current status: Shameless season 7 to premiere on October 02, 201605 June 2016 Category: TV series We monitor the news to keep you updated on the release date of Shameless season 7. New episodes are scheduled to premiere on Showtime on October 02, 2016. If you want to get reminded of the show’s premiere date, please, sign up for updates below. Photo: Showtime Summary and storyline Shameless is a widely critically acclaimed and multiple award-winning American dramedy television show from the production companies Bonanza Productions, John Wells Productions, Warner Bros."
"where is the show shameless filmed","Tag: Shameless Filming In Chicago Find out where ‘Shameless’ is filming in Chicago this week‘Shameless’ is filming in Chicago next week; looking for extras‘Shameless’ is headed back to Chicago, find out how you can... Details for 10+ ‘Shameless’ filming locations in Chicago this week‘Shameless’ is returning to Chicago on Nov. 17; Stand-Ins and Extras...‘Shameless’ is headed back to Chicago and looking for extras1 2 3 4 Page 1 of 4 "
"where is the show shameless filmed","Abbie92 1 Contribution Can you audition for shameless?i would love to audition for shameless from abbie Edit Trudz1987 2 Contributions When does Shameless series 6 air? Series 6 of Shameless will air on Channel 4 from January 2009. it starts tue 27th Jan at 10pm!Edit When does shameless start?i think 10th January 2011 10pm Edit Clalec 1 Contribution Who is lip in shameless? Lip is the eldest son of Frank and Monica and his name is really Phillip but he's called Lip cos he's a smart ass."
"who is aziz hashim","March 28, 2018 4:04 PM ETHotels, Restaurants and Leisure Company Overview of National Restaurant Development Holdings, LLCSnapshot People Overview Board Members Committees Executive Profile Aziz Hashim Chief Executive Officer and President, National Restaurant Development Holdings, LLCAge Total Calculated Compensation This person is connected to 3 Board Members in 3 organization across 4 different industries. See Board Relationships49 --Background Mr. Aziz Hashim has been the President and Secretary of Frisch's Restaurants, Inc. since August 24, 2015. Mr. Hashim is the Founder and Managing Partner at NRD Capital Management, LLC."
"who is aziz hashim","Find your connection on Linked In Join the world's largest professional network Join now Sign in Aziz Hashim Managing Partner at NRD Capital Greater Atlanta Area Investment Management Current Managing Partner at NRD Capital, President / CEO at National Restaurant Development, Inc. Education UC Irvine View Full Profile Abd Aziz Hashim PDRM at PDRM LIMITEDKelantan, Malaysia Government Relations Current PDRM at PDRM LIMITEDEducation sek. men. laksamana View Full Profile Maj (R)Syed Abd Aziz Syed Hashim KAT ASK lmt MSc OSHMEHS Professional Selangor, Malaysia Security and Investigations Current Profesional HSE Trainer at Self-employed Past Environment Health Safety Manager at Westports Malaysia, Head of EHS at Westports Malaysia, Military Officer - Major (Retired) at Malaysian..."
"who is aziz hashim","How Aziz Hashim Is Changing The Franchising Landscape NRD Capital Establishes the ""NRD Foundation,"" Supports Franchised Water Solution Ruby Tuesday Announces Aziz Hashim as Interim CEONRD Capital Completes Acquisition of Ruby Tuesday Ruby Tuesday To Be Acquired By NRD Capital For $2.40 Per Share John Teza Joins NRD Capital as Director Susan Beth Named as a Winner of the 8th Annual Emerging Leaders Awards NRD Capital Management, LLC Announces Closing of Fund IINRD Completes Growth Equity Investment In Fuzzy's Taco Shop How Frisch's and 11 More FT Dealmakers landed suitors NRD Capital Acquires Shares of Frisch's Restaurants, Inc. How Aziz Hashim Is Changing The Franchising Landscape NRD Capital Establishes the ""NRD Foundation,"" Supports Franchised Water Solution "
"who is rep scalise?","From Wikipedia, the free encyclopedianavigation search Steve Scalise House Majority Whip Incumbent Assumed office August 1, 2014Leader Paul Ryan Preceded by Kevin Mc Carthy Member of the U. S. House of Representatives from Louisiana 's 1st district Incumbent Assumed office May 3, 2008Preceded by Bobby Jindal Member of the Louisiana Senate from the 9th district In office January 14, 2008 – May 6, 2008Preceded by Ken Hollis Succeeded by Conrad Appel Member of the Louisiana House of Representatives from the 82nd district In office January 8, 1996 – January 14, 2008Preceded by Quentin Dastugue Succeeded by Cameron Henry Personal details Born Stephen Joseph Scalise October 6, 1965 (age 52)New Orleans, Louisiana, U. S."
"who is rep scalise?","Tax Reform It's long past time to get our economy back on track, create more jobs, and rebuild our middle class. I'd like to hear about how you or your small business has been affected by our outdated and over-complicated tax system, and if you're ready for tax reform. Read More »previous next Art Competition Flags Help with a Federal Agency Internships U. S."
"who is rep scalise?","POLITICSWhat is House Majority Whip? And how does Rep. Scalise's role impact Louisiana? Author: WWL Staff Published: 10:26 PM CDT June 15, 2017Updated: 10:26 PM CDT June 15, 2017NEW ORLEANS -- Representative Steve Scalise is the third ranking Republican in the U."
"who killed nicholas ii of russia","Tsar Nicholas IISections Tsar Nicholas II of Russia Sergei Witte Revolutionary Political Parties Russo-Japanese War Assembly of Russian Workers Bloody Sunday1905 Russian Revolution The Duma Grigori Rasputin Outbreak of the First World War The Assassination of Rasputin The Provisional Government Primary Sources Student Activities References Nicholas, the eldest son of Alexander III, the Tsar of Russia, and Marie Feodorovna (formerly Princess Dagmar of Denmark), was born at Krasnoye Selo in May 1868. He had five younger siblings: Alexander (1869–1870), George (1871–1899), Xenia (1875–1960), Michael (1878–1918) and Olga (1882–1960). The Romanov family had ruled Russia since 1613 when the leading nobles decided to place the sixteen-year-old Michael Romanov, a distant relative of Ivan the Terrible, on the throne. He took the title ""Emperor and Autocrat of all Russia""."
"who killed nicholas ii of russia","Chronology of German Russian History April 21, 1729 Sophia Augusta Frederica of Anhalt-Zerbst was born in Germany. She later ruled Russia under the name Catherine II. (Catherine the Great)1756-1763 Seven Years' War. Important factor in bringing Germans to Lower Volga to establish colonies."
"who killed nicholas ii of russia","Why did Russia pull out of World War I? Question #96269. Asked by Emma Watson15. Last updated Jun 02 08."
